timestamp,sensor0,anomaly
2023-03-01 00:00:00,94.94490920960934,0.0
2023-03-01 00:10:00,112.81431506819595,0.0
2023-03-01 00:20:00,106.19933246427587,0.0
2023-03-01 00:30:00,113.97193136680131,0.0
2023-03-01 00:40:00,107.22869841630245,0.0
2023-03-01 00:50:00,105.828210506103,0.0
2023-03-01 01:00:00,90.07246192758228,0.0
2023-03-01 01:10:00,108.99120496662772,0.0
2023-03-01 01:20:00,92.90537707407825,0.0
2023-03-01 01:30:00,92.33931379640548,0.0
2023-03-01 01:40:00,104.39995892751112,0.0
2023-03-01 01:50:00,98.65765049716144,0.0
2023-03-01 02:00:00,101.83041220498845,0.0
2023-03-01 02:10:00,112.71840371337865,0.0
2023-03-01 02:20:00,115.90818938256375,0.0
2023-03-01 02:30:00,107.71261412212347,0.0
2023-03-01 02:40:00,97.02836320060635,0.0
2023-03-01 02:50:00,109.44633617654716,0.0
2023-03-01 03:00:00,102.71647103624449,0.0
2023-03-01 03:10:00,95.53517556813095,0.0
2023-03-01 03:20:00,73.78350820581475,0.0
2023-03-01 03:30:00,93.06937108045581,0.0
2023-03-01 03:40:00,102.45425294987055,0.0
2023-03-01 03:50:00,111.22574776288346,0.0
2023-03-01 04:00:00,108.46092461840857,0.0
2023-03-01 04:10:00,101.88265145739494,0.0
2023-03-01 04:20:00,125.6614260790972,0.0
2023-03-01 04:30:00,74.38388447828639,0.0
2023-03-01 04:40:00,108.71059087036613,0.0
2023-03-01 04:50:00,108.84985782407396,0.0
2023-03-01 05:00:00,89.03166224701813,0.0
2023-03-01 05:10:00,102.37443836812018,0.0
2023-03-01 05:20:00,111.802718084093,0.0
2023-03-01 05:30:00,117.9998320753524,0.0
2023-03-01 05:40:00,108.89502604068956,0.0
2023-03-01 05:50:00,106.41501396531136,0.0
2023-03-01 06:00:00,99.19983311393969,0.0
2023-03-01 06:10:00,123.54849144087069,0.0
2023-03-01 06:20:00,86.07849818786191,0.0
2023-03-01 06:30:00,79.5233483539114,0.0
2023-03-01 06:40:00,115.04145576106063,0.0
2023-03-01 06:50:00,89.46214202765428,0.0
2023-03-01 07:00:00,91.61503249093211,0.0
2023-03-01 07:10:00,100.05320710809595,0.0
2023-03-01 07:20:00,113.76456985805541,0.0
2023-03-01 07:30:00,82.51521936613437,0.0
2023-03-01 07:40:00,118.30059722284341,0.0
2023-03-01 07:50:00,123.23332653395418,0.0
2023-03-01 08:00:00,111.08161643077591,0.0
2023-03-01 08:10:00,90.75349268460556,0.0
2023-03-01 08:20:00,106.25732701392526,0.0
2023-03-01 08:30:00,109.79907835287295,0.0
2023-03-01 08:40:00,99.70784735851667,0.0
2023-03-01 08:50:00,97.2448915106756,0.0
2023-03-01 09:00:00,99.3773859278659,0.0
2023-03-01 09:10:00,103.51971306277683,0.0
2023-03-01 09:20:00,185.85448291616154,1.0
2023-03-01 09:30:00,95.66427804649062,0.0
2023-03-01 09:40:00,89.77063782245385,0.0
2023-03-01 09:50:00,111.27654495657035,0.0
2023-03-01 10:00:00,106.46324787684152,0.0
2023-03-01 10:10:00,111.19940312668977,0.0
2023-03-01 10:20:00,114.0630399941593,0.0
2023-03-01 10:30:00,104.23148113113568,0.0
2023-03-01 10:40:00,86.43733747503617,0.0
2023-03-01 10:50:00,124.78594063115796,0.0
2023-03-01 11:00:00,108.69318664788345,0.0
2023-03-01 11:10:00,99.57880933573952,0.0
2023-03-01 11:20:00,86.506611438593,0.0
2023-03-01 11:30:00,109.69058396108869,0.0
2023-03-01 11:40:00,105.56379569018397,0.0
2023-03-01 11:50:00,92.76430305715552,0.0
2023-03-01 12:00:00,111.36580349314721,0.0
2023-03-01 12:10:00,114.8211925842748,0.0
2023-03-01 12:20:00,91.29321116959353,0.0
2023-03-01 12:30:00,121.35675241878468,0.0
2023-03-01 12:40:00,100.7476304542878,0.0
2023-03-01 12:50:00,122.312635358294,0.0
2023-03-01 13:00:00,97.80148218950333,0.0
2023-03-01 13:10:00,113.10509733495614,0.0
2023-03-01 13:20:00,101.52121355357949,0.0
2023-03-01 13:30:00,112.47754358522847,0.0
2023-03-01 13:40:00,106.25611427651086,0.0
2023-03-01 13:50:00,104.41055827656332,0.0
2023-03-01 14:00:00,86.12147285659233,0.0
2023-03-01 14:10:00,82.19215614314346,0.0
2023-03-01 14:20:00,88.45316620407706,0.0
2023-03-01 14:30:00,102.0995016349855,0.0
2023-03-01 14:40:00,108.97116749924362,0.0
2023-03-01 14:50:00,99.90594956710191,0.0
2023-03-01 15:00:00,101.43303559062898,0.0
2023-03-01 15:10:00,102.36709606568873,0.0
2023-03-01 15:20:00,97.2255780955748,0.0
2023-03-01 15:30:00,98.17282548009801,0.0
2023-03-01 15:40:00,93.19115232764916,0.0
2023-03-01 15:50:00,88.86409748884512,0.0
2023-03-01 16:00:00,92.9128861681494,0.0
2023-03-01 16:10:00,89.19519783933704,0.0
2023-03-01 16:20:00,110.28404398038191,0.0
2023-03-01 16:30:00,96.80821240924237,0.0
2023-03-01 16:40:00,83.54791354716718,0.0
2023-03-01 16:50:00,96.800253208061,0.0
2023-03-01 17:00:00,122.35730984389075,0.0
2023-03-01 17:10:00,107.34002832336083,0.0
2023-03-01 17:20:00,101.43972036862317,0.0
2023-03-01 17:30:00,101.07180954395368,0.0
2023-03-01 17:40:00,112.34484665801985,0.0
2023-03-01 17:50:00,113.80865982374922,0.0
2023-03-01 18:00:00,106.80953285205334,0.0
2023-03-01 18:10:00,102.24728399679823,0.0
2023-03-01 18:20:00,94.99818326704178,0.0
2023-03-01 18:30:00,111.55994510601371,0.0
2023-03-01 18:40:00,93.92930582112258,0.0
2023-03-01 18:50:00,115.8394748997458,0.0
2023-03-01 19:00:00,108.00205726029984,0.0
2023-03-01 19:10:00,86.79834899985595,0.0
2023-03-01 19:20:00,96.97849776543526,0.0
2023-03-01 19:30:00,104.1603064133503,0.0
2023-03-01 19:40:00,90.69992934291933,0.0
2023-03-01 19:50:00,100.64195108966516,0.0
2023-03-01 20:00:00,101.76249039320673,0.0
2023-03-01 20:10:00,113.11538276156779,0.0
2023-03-01 20:20:00,90.71842637183858,0.0
2023-03-01 20:30:00,102.63353317476286,0.0
2023-03-01 20:40:00,125.41370462149571,0.0
2023-03-01 20:50:00,93.7141086823443,0.0
2023-03-01 21:00:00,118.11919026974158,0.0
2023-03-01 21:10:00,117.62487743954658,0.0
2023-03-01 21:20:00,102.77012099845516,0.0
2023-03-01 21:30:00,102.84450408156873,0.0
2023-03-01 21:40:00,90.32060559475408,0.0
2023-03-01 21:50:00,122.52755588134318,0.0
2023-03-01 22:00:00,125.17087909131669,0.0
2023-03-01 22:10:00,122.41010794689517,0.0
2023-03-01 22:20:00,97.09872797863757,0.0
2023-03-01 22:30:00,118.8541470165626,0.0
2023-03-01 22:40:00,98.70475702715105,0.0
2023-03-01 22:50:00,98.43806999456523,0.0
2023-03-01 23:00:00,108.64114025039554,0.0
2023-03-01 23:10:00,111.13240787117427,0.0
2023-03-01 23:20:00,113.04625536354953,0.0
2023-03-01 23:30:00,116.0157817781107,0.0
2023-03-01 23:40:00,116.45236970450345,0.0
2023-03-01 23:50:00,105.39371647397624,0.0
2023-03-02 00:00:00,95.3554273484556,0.0
2023-03-02 00:10:00,91.24659561859075,0.0
2023-03-02 00:20:00,119.78659904735179,0.0
2023-03-02 00:30:00,93.22605908631807,0.0
2023-03-02 00:40:00,101.56094885372923,0.0
2023-03-02 00:50:00,115.71491725854298,0.0
2023-03-02 01:00:00,120.10231131241669,0.0
2023-03-02 01:10:00,110.41753204753078,0.0
2023-03-02 01:20:00,98.3571663932553,0.0
2023-03-02 01:30:00,100.9431143392076,0.0
2023-03-02 01:40:00,92.01650008803914,0.0
2023-03-02 01:50:00,120.7439682889693,0.0
2023-03-02 02:00:00,103.54807918725362,0.0
2023-03-02 02:10:00,99.69588271827863,0.0
2023-03-02 02:20:00,102.73791951495586,0.0
2023-03-02 02:30:00,107.78743693772253,0.0
2023-03-02 02:40:00,91.29207019029013,0.0
2023-03-02 02:50:00,175.73927373910277,1.0
2023-03-02 03:00:00,111.74625157003746,0.0
2023-03-02 03:10:00,130.92044131816579,0.0
2023-03-02 03:20:00,104.42789938940079,0.0
2023-03-02 03:30:00,99.43119435981968,0.0
2023-03-02 03:40:00,92.19010243963332,0.0
2023-03-02 03:50:00,88.84288796091508,0.0
2023-03-02 04:00:00,89.88794130582079,0.0
2023-03-02 04:10:00,104.98002920459268,0.0
2023-03-02 04:20:00,114.3148558354598,0.0
2023-03-02 04:30:00,97.2007208247413,0.0
2023-03-02 04:40:00,107.05691015913175,0.0
2023-03-02 04:50:00,93.03280342220671,0.0
2023-03-02 05:00:00,215.35920852382566,1.0
2023-03-02 05:10:00,109.06489720788652,0.0
2023-03-02 05:20:00,101.4262044705697,0.0
2023-03-02 05:30:00,106.11653849142958,0.0
2023-03-02 05:40:00,80.7672307893149,0.0
2023-03-02 05:50:00,107.87674067071099,0.0
2023-03-02 06:00:00,92.97327961337571,0.0
2023-03-02 06:10:00,100.20442736933998,0.0
2023-03-02 06:20:00,94.21423719094952,0.0
2023-03-02 06:30:00,83.07407952503985,0.0
2023-03-02 06:40:00,116.14303285799929,0.0
2023-03-02 06:50:00,85.95294796782647,0.0
2023-03-02 07:00:00,108.39650373487214,0.0
2023-03-02 07:10:00,108.914980404312,0.0
2023-03-02 07:20:00,83.39048024087495,0.0
2023-03-02 07:30:00,96.89433493796575,0.0
2023-03-02 07:40:00,99.46006199849481,0.0
2023-03-02 07:50:00,86.41179185287658,0.0
2023-03-02 08:00:00,104.11780159591828,0.0
2023-03-02 08:10:00,103.61186386891345,0.0
2023-03-02 08:20:00,106.02388025401467,0.0
2023-03-02 08:30:00,87.73676636784295,0.0
2023-03-02 08:40:00,114.95982440401326,0.0
2023-03-02 08:50:00,97.65204445656302,0.0
2023-03-02 09:00:00,99.26058882933026,0.0
2023-03-02 09:10:00,111.92531046636913,0.0
2023-03-02 09:20:00,90.69052297141054,0.0
2023-03-02 09:30:00,98.9818177651316,0.0
2023-03-02 09:40:00,104.07584725196828,0.0
2023-03-02 09:50:00,95.2874315314143,0.0
2023-03-02 10:00:00,98.25011635505813,0.0
2023-03-02 10:10:00,91.14812448098735,0.0
2023-03-02 10:20:00,99.6944672389411,0.0
2023-03-02 10:30:00,101.91264502095969,0.0
2023-03-02 10:40:00,93.36804899666917,0.0
2023-03-02 10:50:00,99.84094045281469,0.0
2023-03-02 11:00:00,111.56682915407085,0.0
2023-03-02 11:10:00,86.47216344456075,0.0
2023-03-02 11:20:00,93.66418889566023,0.0
2023-03-02 11:30:00,90.63616711124388,0.0
2023-03-02 11:40:00,112.95614820185673,0.0
2023-03-02 11:50:00,98.61060903770925,0.0
2023-03-02 12:00:00,83.02970345756219,0.0
2023-03-02 12:10:00,117.79051442218324,0.0
2023-03-02 12:20:00,93.73234421765272,0.0
2023-03-02 12:30:00,103.12307564736261,0.0
2023-03-02 12:40:00,87.93808620786237,0.0
2023-03-02 12:50:00,93.67023632145894,0.0
2023-03-02 13:00:00,116.95254883118596,0.0
2023-03-02 13:10:00,97.55052135516465,0.0
2023-03-02 13:20:00,95.9236994871957,0.0
2023-03-02 13:30:00,102.56170341664884,0.0
2023-03-02 13:40:00,84.69827788801358,0.0
2023-03-02 13:50:00,96.93234842711243,0.0
2023-03-02 14:00:00,106.767526809533,0.0
2023-03-02 14:10:00,114.64075647010056,1.0
2023-03-02 14:20:00,120.96808430112817,0.0
2023-03-02 14:30:00,99.19470508053678,0.0
2023-03-02 14:40:00,166.0319841815143,1.0
2023-03-02 14:50:00,120.3738518167314,0.0
2023-03-02 15:00:00,78.47202428420434,0.0
2023-03-02 15:10:00,95.8532574089179,0.0
2023-03-02 15:20:00,92.17726427067592,0.0
2023-03-02 15:30:00,121.25663784233141,0.0
2023-03-02 15:40:00,87.90514098273641,0.0
2023-03-02 15:50:00,89.56965901704413,0.0
2023-03-02 16:00:00,88.95482843089052,0.0
2023-03-02 16:10:00,87.92788620680597,0.0
2023-03-02 16:20:00,106.57814867063394,0.0
2023-03-02 16:30:00,92.57694653807958,0.0
2023-03-02 16:40:00,95.19638982086764,0.0
2023-03-02 16:50:00,111.50834191657826,0.0
2023-03-02 17:00:00,113.95800925637907,0.0
2023-03-02 17:10:00,102.6290455127016,0.0
2023-03-02 17:20:00,85.79274805593178,0.0
2023-03-02 17:30:00,110.90200696807045,0.0
2023-03-02 17:40:00,85.83899645244539,0.0
2023-03-02 17:50:00,93.30880660398986,0.0
2023-03-02 18:00:00,113.18930525210858,0.0
2023-03-02 18:10:00,100.69036574986035,0.0
2023-03-02 18:20:00,100.55971512047428,0.0
2023-03-02 18:30:00,94.58829713621739,0.0
2023-03-02 18:40:00,113.71564923966754,0.0
2023-03-02 18:50:00,92.74999338461154,0.0
2023-03-02 19:00:00,115.05766721270656,0.0
2023-03-02 19:10:00,117.94252134607696,0.0
2023-03-02 19:20:00,113.33910447681329,0.0
2023-03-02 19:30:00,98.00389915980811,0.0
2023-03-02 19:40:00,89.59490614488625,0.0
2023-03-02 19:50:00,100.11290622456976,0.0
2023-03-02 20:00:00,104.76859591372052,0.0
2023-03-02 20:10:00,86.80440510505508,0.0
2023-03-02 20:20:00,111.08496349821829,0.0
2023-03-02 20:30:00,81.06290061107185,0.0
2023-03-02 20:40:00,94.82641204676179,0.0
2023-03-02 20:50:00,97.45971215230318,0.0
2023-03-02 21:00:00,102.79797564014878,0.0
2023-03-02 21:10:00,117.71476272164301,0.0
2023-03-02 21:20:00,67.18056769808862,0.0
2023-03-02 21:30:00,90.9588339137172,0.0
2023-03-02 21:40:00,119.2289617403801,0.0
2023-03-02 21:50:00,120.46483081398321,0.0
2023-03-02 22:00:00,114.18301424694032,0.0
2023-03-02 22:10:00,94.546104731488,0.0
2023-03-02 22:20:00,102.16947618450845,0.0
2023-03-02 22:30:00,123.10624708717947,0.0
2023-03-02 22:40:00,101.05635703681529,0.0
2023-03-02 22:50:00,113.55086573004415,0.0
2023-03-02 23:00:00,91.91564947076766,0.0
2023-03-02 23:10:00,102.74255649593748,0.0
2023-03-02 23:20:00,137.73821598301924,0.0
2023-03-02 23:30:00,96.97301336949815,0.0
2023-03-02 23:40:00,86.66271030197487,0.0
2023-03-02 23:50:00,85.11550843214151,0.0
2023-03-03 00:00:00,117.11151943245615,0.0
2023-03-03 00:10:00,108.0925273471437,0.0
2023-03-03 00:20:00,99.16484860725305,0.0
2023-03-03 00:30:00,106.01293722501418,0.0
2023-03-03 00:40:00,115.36835103075029,0.0
2023-03-03 00:50:00,113.26473528975052,0.0
2023-03-03 01:00:00,105.95150363813289,0.0
2023-03-03 01:10:00,107.19240791626335,0.0
2023-03-03 01:20:00,90.82893789879826,0.0
2023-03-03 01:30:00,99.9423080574652,0.0
2023-03-03 01:40:00,99.33177536788003,0.0
2023-03-03 01:50:00,93.10991014650692,0.0
2023-03-03 02:00:00,126.70073888671854,0.0
2023-03-03 02:10:00,95.20225915296561,0.0
2023-03-03 02:20:00,94.9154489276863,0.0
2023-03-03 02:30:00,113.94821786374965,0.0
2023-03-03 02:40:00,121.24446231028315,0.0
2023-03-03 02:50:00,101.98180190651175,0.0
2023-03-03 03:00:00,100.00314638448987,0.0
2023-03-03 03:10:00,106.04151986704882,0.0
2023-03-03 03:20:00,109.16204075702649,0.0
2023-03-03 03:30:00,109.89650386924897,0.0
2023-03-03 03:40:00,116.86289911825244,0.0
2023-03-03 03:50:00,118.99408348721184,0.0
2023-03-03 04:00:00,97.04162996481884,0.0
2023-03-03 04:10:00,98.5688343805294,0.0
2023-03-03 04:20:00,111.07234498952315,0.0
2023-03-03 04:30:00,99.6920532101307,0.0
2023-03-03 04:40:00,87.8533749138736,0.0
2023-03-03 04:50:00,83.30731952146414,0.0
2023-03-03 05:00:00,95.71366982217651,0.0
2023-03-03 05:10:00,91.39589125176231,0.0
2023-03-03 05:20:00,105.54168360530389,0.0
2023-03-03 05:30:00,81.21577791493725,0.0
2023-03-03 05:40:00,96.16982427513311,0.0
2023-03-03 05:50:00,88.14976359053773,0.0
2023-03-03 06:00:00,96.0393768475764,0.0
2023-03-03 06:10:00,64.42102735728527,0.0
2023-03-03 06:20:00,108.41964170664905,0.0
2023-03-03 06:30:00,105.60133567848385,0.0
2023-03-03 06:40:00,92.24407914697066,0.0
2023-03-03 06:50:00,106.64434277747787,0.0
2023-03-03 07:00:00,88.292795488455,0.0
2023-03-03 07:10:00,94.93546015786062,0.0
2023-03-03 07:20:00,91.45918633862253,0.0
2023-03-03 07:30:00,109.47832561283684,0.0
2023-03-03 07:40:00,98.93308614376377,0.0
2023-03-03 07:50:00,95.57944588525636,0.0
2023-03-03 08:00:00,97.12981918773954,0.0
2023-03-03 08:10:00,93.82702282211709,0.0
2023-03-03 08:20:00,118.82469292987321,0.0
2023-03-03 08:30:00,89.4701094738996,0.0
2023-03-03 08:40:00,95.4180918023335,0.0
2023-03-03 08:50:00,93.5483533506133,0.0
2023-03-03 09:00:00,92.56445351655806,0.0
2023-03-03 09:10:00,108.8201643614349,0.0
2023-03-03 09:20:00,103.85789148958281,0.0
2023-03-03 09:30:00,118.2248510077797,0.0
2023-03-03 09:40:00,106.20244472778819,0.0
2023-03-03 09:50:00,97.41253996484922,0.0
2023-03-03 10:00:00,94.06032910278941,0.0
2023-03-03 10:10:00,102.9078412163289,0.0
2023-03-03 10:20:00,112.41453419805592,0.0
2023-03-03 10:30:00,99.87599976266569,0.0
2023-03-03 10:40:00,95.37951548036045,0.0
2023-03-03 10:50:00,92.2174041491946,0.0
2023-03-03 11:00:00,104.7533685007554,0.0
2023-03-03 11:10:00,118.67760029778023,0.0
2023-03-03 11:20:00,111.82581705675472,0.0
2023-03-03 11:30:00,76.95291484855689,0.0
2023-03-03 11:40:00,110.36553682378292,0.0
2023-03-03 11:50:00,99.51514781973435,0.0
2023-03-03 12:00:00,94.25812687788093,0.0
2023-03-03 12:10:00,125.46314166901846,0.0
2023-03-03 12:20:00,91.34170243165477,0.0
2023-03-03 12:30:00,112.91591152220097,0.0
2023-03-03 12:40:00,109.68760108360168,0.0
2023-03-03 12:50:00,112.87622548158491,0.0
2023-03-03 13:00:00,111.28094726233878,0.0
2023-03-03 13:10:00,125.97588580989952,0.0
2023-03-03 13:20:00,113.40400193566771,0.0
2023-03-03 13:30:00,116.43457538173303,0.0
2023-03-03 13:40:00,96.67410562013396,0.0
2023-03-03 13:50:00,90.16067520507455,0.0
2023-03-03 14:00:00,95.9608259138113,0.0
2023-03-03 14:10:00,101.78094796199849,0.0
2023-03-03 14:20:00,98.31626385469391,0.0
2023-03-03 14:30:00,91.5007940811876,0.0
2023-03-03 14:40:00,90.78425504012502,0.0
2023-03-03 14:50:00,90.12455245359865,0.0
2023-03-03 15:00:00,118.38830335570023,0.0
2023-03-03 15:10:00,104.43822862234657,0.0
2023-03-03 15:20:00,107.97906836295152,0.0
2023-03-03 15:30:00,104.45174306851185,0.0
2023-03-03 15:40:00,102.1722130934733,0.0
2023-03-03 15:50:00,103.69792662050288,0.0
2023-03-03 16:00:00,107.84723176645427,0.0
2023-03-03 16:10:00,101.4817505449711,0.0
2023-03-03 16:20:00,96.61816076919773,0.0
2023-03-03 16:30:00,107.31518934413842,0.0
2023-03-03 16:40:00,90.34293095321094,0.0
2023-03-03 16:50:00,102.4315973307452,0.0
2023-03-03 17:00:00,88.94339391923211,0.0
2023-03-03 17:10:00,92.7811505444826,0.0
2023-03-03 17:20:00,92.78157392241323,0.0
2023-03-03 17:30:00,97.40878475918676,0.0
2023-03-03 17:40:00,105.70620140448331,0.0
2023-03-03 17:50:00,108.97332120982956,0.0
2023-03-03 18:00:00,121.24408840238155,0.0
2023-03-03 18:10:00,93.9973208005444,0.0
2023-03-03 18:20:00,80.58758054587773,0.0
2023-03-03 18:30:00,92.83029327368277,0.0
2023-03-03 18:40:00,124.83697614433753,0.0
2023-03-03 18:50:00,104.54727859524064,0.0
2023-03-03 19:00:00,108.1745924314896,0.0
2023-03-03 19:10:00,98.63491260342644,0.0
2023-03-03 19:20:00,93.26949629710646,0.0
2023-03-03 19:30:00,99.3566520163879,0.0
2023-03-03 19:40:00,102.49069183359927,0.0
2023-03-03 19:50:00,113.6179713889342,0.0
2023-03-03 20:00:00,91.97969099211755,0.0
2023-03-03 20:10:00,118.30457778151168,0.0
2023-03-03 20:20:00,107.81979917309697,0.0
2023-03-03 20:30:00,118.45380154326494,0.0
2023-03-03 20:40:00,99.16603514645189,0.0
2023-03-03 20:50:00,95.85929691753772,0.0
2023-03-03 21:00:00,87.17357274897256,0.0
2023-03-03 21:10:00,95.15878783655525,0.0
2023-03-03 21:20:00,109.88653342283101,0.0
2023-03-03 21:30:00,101.68308347027,0.0
2023-03-03 21:40:00,101.16450729973984,0.0
2023-03-03 21:50:00,113.62830333939495,0.0
2023-03-03 22:00:00,92.16398442319412,0.0
2023-03-03 22:10:00,107.39507226326313,0.0
2023-03-03 22:20:00,97.22190965424,0.0
2023-03-03 22:30:00,97.95448442031686,0.0
2023-03-03 22:40:00,103.38077438768822,0.0
2023-03-03 22:50:00,105.0444626318189,0.0
2023-03-03 23:00:00,93.28721148586452,0.0
2023-03-03 23:10:00,130.08434877091366,0.0
2023-03-03 23:20:00,114.05901882970299,0.0
2023-03-03 23:30:00,107.84260614862416,0.0
2023-03-03 23:40:00,89.32066469565066,0.0
2023-03-03 23:50:00,92.17599089270671,0.0
2023-03-04 00:00:00,91.04396004318335,0.0
2023-03-04 00:10:00,112.94965138362105,0.0
2023-03-04 00:20:00,91.7548830175022,0.0
2023-03-04 00:30:00,114.5493154654194,0.0
2023-03-04 00:40:00,102.48019038842854,0.0
2023-03-04 00:50:00,78.64847718545394,0.0
2023-03-04 01:00:00,113.98138808433009,0.0
2023-03-04 01:10:00,113.07701255212345,0.0
2023-03-04 01:20:00,89.99397019377193,0.0
2023-03-04 01:30:00,118.6325560727291,0.0
2023-03-04 01:40:00,115.63561301277203,0.0
2023-03-04 01:50:00,126.14280708691379,0.0
2023-03-04 02:00:00,75.5731288066867,0.0
2023-03-04 02:10:00,99.18388557007249,0.0
2023-03-04 02:20:00,103.1585854083683,0.0
2023-03-04 02:30:00,112.4637605815641,0.0
2023-03-04 02:40:00,109.86240690017253,0.0
2023-03-04 02:50:00,111.15406959222622,0.0
2023-03-04 03:00:00,116.32186035184611,0.0
2023-03-04 03:10:00,136.0397082744663,0.0
2023-03-04 03:20:00,121.26032056688526,0.0
2023-03-04 03:30:00,101.41475615838208,0.0
2023-03-04 03:40:00,103.7444842800428,0.0
2023-03-04 03:50:00,91.02756519972985,0.0
2023-03-04 04:00:00,102.49952077130618,0.0
2023-03-04 04:10:00,106.57751875508528,0.0
2023-03-04 04:20:00,109.79365071066913,0.0
2023-03-04 04:30:00,103.95719782377049,0.0
2023-03-04 04:40:00,92.3175212737845,0.0
2023-03-04 04:50:00,96.2011018442429,0.0
2023-03-04 05:00:00,104.69430716870131,0.0
2023-03-04 05:10:00,71.96855583822133,0.0
2023-03-04 05:20:00,87.23594123552552,0.0
2023-03-04 05:30:00,104.85213541000499,0.0
2023-03-04 05:40:00,80.48303878201438,0.0
2023-03-04 05:50:00,100.90970810811487,0.0
2023-03-04 06:00:00,95.80284362701977,0.0
2023-03-04 06:10:00,118.31149998900148,0.0
2023-03-04 06:20:00,108.03306459161362,0.0
2023-03-04 06:30:00,100.76132980355642,0.0
2023-03-04 06:40:00,104.78973166630956,0.0
2023-03-04 06:50:00,75.45056184935716,0.0
2023-03-04 07:00:00,105.9606109652673,0.0
2023-03-04 07:10:00,113.82364989272438,0.0
2023-03-04 07:20:00,110.24364831329919,0.0
2023-03-04 07:30:00,119.86790687656354,0.0
2023-03-04 07:40:00,92.79011902498125,0.0
2023-03-04 07:50:00,100.27507242744007,0.0
2023-03-04 08:00:00,110.37825525989756,0.0
2023-03-04 08:10:00,87.15182602405298,0.0
2023-03-04 08:20:00,80.21064536338059,0.0
2023-03-04 08:30:00,119.0394076910998,0.0
2023-03-04 08:40:00,82.46373836412003,0.0
2023-03-04 08:50:00,98.02926314431639,0.0
2023-03-04 09:00:00,98.36070234634067,0.0
2023-03-04 09:10:00,107.20309497383768,0.0
2023-03-04 09:20:00,111.71675744087717,0.0
2023-03-04 09:30:00,106.66966753354451,0.0
2023-03-04 09:40:00,97.20426606667995,0.0
2023-03-04 09:50:00,90.13432274093094,0.0
2023-03-04 10:00:00,98.47743049353642,0.0
2023-03-04 10:10:00,109.2589472273107,0.0
2023-03-04 10:20:00,95.86404625834265,0.0
2023-03-04 10:30:00,114.71023437497655,0.0
2023-03-04 10:40:00,98.34467713549759,0.0
2023-03-04 10:50:00,105.61536100234758,0.0
2023-03-04 11:00:00,99.96923281018921,1.0
2023-03-04 11:10:00,85.90671085166642,0.0
2023-03-04 11:20:00,89.07800792946777,0.0
2023-03-04 11:30:00,85.0648694327384,0.0
2023-03-04 11:40:00,95.94835459963612,0.0
2023-03-04 11:50:00,104.61650720597854,0.0
2023-03-04 12:00:00,98.00780865241775,0.0
2023-03-04 12:10:00,90.75403949839372,0.0
2023-03-04 12:20:00,116.41428789820012,0.0
2023-03-04 12:30:00,96.8394434869619,0.0
2023-03-04 12:40:00,104.31892586513182,0.0
2023-03-04 12:50:00,85.88951537538324,0.0
2023-03-04 13:00:00,122.76433614571908,0.0
2023-03-04 13:10:00,91.10710053228483,0.0
2023-03-04 13:20:00,88.26709861222628,0.0
2023-03-04 13:30:00,107.66668992278012,0.0
2023-03-04 13:40:00,89.56118192170688,0.0
2023-03-04 13:50:00,108.4469976328413,0.0
2023-03-04 14:00:00,116.25196028730406,0.0
2023-03-04 14:10:00,117.56743436653832,0.0
2023-03-04 14:20:00,101.43702459498896,0.0
2023-03-04 14:30:00,95.47485272704309,0.0
2023-03-04 14:40:00,122.36030701279189,0.0
2023-03-04 14:50:00,103.32061522273143,0.0
2023-03-04 15:00:00,98.97088071755562,0.0
2023-03-04 15:10:00,97.91233937031153,0.0
2023-03-04 15:20:00,100.45265854525623,0.0
2023-03-04 15:30:00,101.54069689350355,0.0
2023-03-04 15:40:00,114.76912283102666,0.0
2023-03-04 15:50:00,101.7842548552862,0.0
2023-03-04 16:00:00,122.61960550526018,0.0
2023-03-04 16:10:00,103.09040248852618,0.0
2023-03-04 16:20:00,115.57820672338227,0.0
2023-03-04 16:30:00,99.94652554167335,0.0
2023-03-04 16:40:00,88.09748893205516,0.0
2023-03-04 16:50:00,89.09025482185706,0.0
2023-03-04 17:00:00,115.03636491223872,0.0
2023-03-04 17:10:00,103.1257187027529,0.0
2023-03-04 17:20:00,93.46156272772907,0.0
2023-03-04 17:30:00,111.61002005391379,0.0
2023-03-04 17:40:00,89.25513730180573,0.0
2023-03-04 17:50:00,102.30808915718816,0.0
2023-03-04 18:00:00,101.6128174655409,0.0
2023-03-04 18:10:00,105.6388615860447,0.0
2023-03-04 18:20:00,117.14881324546882,0.0
2023-03-04 18:30:00,115.95994406499439,0.0
2023-03-04 18:40:00,97.57060309983497,0.0
2023-03-04 18:50:00,120.39923093499772,0.0
2023-03-04 19:00:00,82.67237403115038,0.0
2023-03-04 19:10:00,83.46449039288169,0.0
2023-03-04 19:20:00,92.92138137281403,0.0
2023-03-04 19:30:00,119.22643505598424,0.0
2023-03-04 19:40:00,79.42408107443616,0.0
2023-03-04 19:50:00,104.24085067601959,0.0
2023-03-04 20:00:00,87.54006840367887,0.0
2023-03-04 20:10:00,113.24756573270382,0.0
2023-03-04 20:20:00,88.91660856790301,0.0
2023-03-04 20:30:00,118.059331091817,0.0
2023-03-04 20:40:00,103.5467539162232,0.0
2023-03-04 20:50:00,101.69986082989523,0.0
2023-03-04 21:00:00,95.0840682524577,0.0
2023-03-04 21:10:00,89.91423857697175,0.0
2023-03-04 21:20:00,100.4547536889376,0.0
2023-03-04 21:30:00,98.21243829412604,0.0
2023-03-04 21:40:00,114.68911061851428,0.0
2023-03-04 21:50:00,88.43926732304065,0.0
2023-03-04 22:00:00,180.3192677117312,1.0
2023-03-04 22:10:00,119.09728786009222,0.0
2023-03-04 22:20:00,74.9655381019936,0.0
2023-03-04 22:30:00,109.20383234660338,0.0
2023-03-04 22:40:00,77.82591414789376,0.0
2023-03-04 22:50:00,99.23658837386822,0.0
2023-03-04 23:00:00,100.01325352007407,0.0
2023-03-04 23:10:00,104.95165701888024,0.0
2023-03-04 23:20:00,102.38212700078,0.0
2023-03-04 23:30:00,108.5094332098632,0.0
2023-03-04 23:40:00,110.79336069771323,0.0
2023-03-04 23:50:00,117.81418929064591,0.0
2023-03-05 00:00:00,121.71969910767602,0.0
2023-03-05 00:10:00,95.22058473834183,0.0
2023-03-05 00:20:00,112.000725391025,0.0
2023-03-05 00:30:00,87.05899617935044,0.0
2023-03-05 00:40:00,101.64576048891482,0.0
2023-03-05 00:50:00,82.94556236546732,0.0
2023-03-05 01:00:00,101.77205187941738,0.0
2023-03-05 01:10:00,110.4997209303169,0.0
2023-03-05 01:20:00,91.76444131994921,0.0
2023-03-05 01:30:00,105.9356601171278,0.0
2023-03-05 01:40:00,106.61628354085845,0.0
2023-03-05 01:50:00,100.81264591255228,0.0
2023-03-05 02:00:00,102.10387331375422,0.0
2023-03-05 02:10:00,96.30197821824946,0.0
2023-03-05 02:20:00,109.8564233778502,0.0
2023-03-05 02:30:00,91.83633731253897,0.0
2023-03-05 02:40:00,86.81191517052463,0.0
2023-03-05 02:50:00,97.9777705782743,0.0
2023-03-05 03:00:00,110.28303463929437,0.0
2023-03-05 03:10:00,99.6016962291198,0.0
2023-03-05 03:20:00,92.06025938493615,0.0
2023-03-05 03:30:00,104.05773135016325,0.0
2023-03-05 03:40:00,103.87676284517588,0.0
2023-03-05 03:50:00,96.33910578233123,0.0
2023-03-05 04:00:00,106.02424244000214,0.0
2023-03-05 04:10:00,96.32307850759385,0.0
2023-03-05 04:20:00,102.99989637918962,0.0
2023-03-05 04:30:00,88.78595234383576,0.0
2023-03-05 04:40:00,103.50222642128071,0.0
2023-03-05 04:50:00,103.5841313891237,0.0
2023-03-05 05:00:00,102.72925726395525,0.0
2023-03-05 05:10:00,103.7934616092335,0.0
2023-03-05 05:20:00,110.9940281762663,0.0
2023-03-05 05:30:00,81.43633201027671,0.0
2023-03-05 05:40:00,89.40786481900007,0.0
2023-03-05 05:50:00,95.09956849848932,0.0
2023-03-05 06:00:00,116.588956568741,0.0
2023-03-05 06:10:00,101.9426240175098,0.0
2023-03-05 06:20:00,89.41695283288331,0.0
2023-03-05 06:30:00,112.83028878058174,0.0
2023-03-05 06:40:00,104.48262766360618,0.0
2023-03-05 06:50:00,99.03052200351436,0.0
2023-03-05 07:00:00,106.05264713846987,0.0
2023-03-05 07:10:00,114.76513266576706,0.0
2023-03-05 07:20:00,97.19472192446149,0.0
2023-03-05 07:30:00,115.38683399342054,0.0
2023-03-05 07:40:00,108.93100774965566,0.0
2023-03-05 07:50:00,95.29165074643385,0.0
2023-03-05 08:00:00,96.51314804712541,0.0
2023-03-05 08:10:00,77.14963172659319,0.0
2023-03-05 08:20:00,98.51557718577583,0.0
2023-03-05 08:30:00,100.74765307617562,0.0
2023-03-05 08:40:00,102.63514104742352,0.0
2023-03-05 08:50:00,109.67765290841136,0.0
2023-03-05 09:00:00,107.81156708817717,0.0
2023-03-05 09:10:00,95.42634506682035,0.0
2023-03-05 09:20:00,99.6742880896282,0.0
2023-03-05 09:30:00,95.89674894116631,0.0
2023-03-05 09:40:00,107.82465213671303,0.0
2023-03-05 09:50:00,85.7592686998201,0.0
2023-03-05 10:00:00,103.49061862174193,0.0
2023-03-05 10:10:00,96.25133307203305,0.0
2023-03-05 10:20:00,96.89416899151031,0.0
2023-03-05 10:30:00,247.42016634483815,1.0
2023-03-05 10:40:00,97.84727618086288,0.0
2023-03-05 10:50:00,108.4529860373633,0.0
2023-03-05 11:00:00,117.00552367313745,0.0
2023-03-05 11:10:00,98.15053696964986,0.0
2023-03-05 11:20:00,93.8942202020285,0.0
2023-03-05 11:30:00,96.80869898205303,0.0
2023-03-05 11:40:00,84.69779712138282,0.0
2023-03-05 11:50:00,107.66969747887575,0.0
2023-03-05 12:00:00,97.93209869142505,0.0
2023-03-05 12:10:00,107.75022704482588,0.0
2023-03-05 12:20:00,110.89058441037785,0.0
2023-03-05 12:30:00,90.13246169010421,0.0
2023-03-05 12:40:00,94.8706450376977,0.0
2023-03-05 12:50:00,74.38246587498027,0.0
2023-03-05 13:00:00,108.90378392327582,0.0
2023-03-05 13:10:00,102.2744018209966,0.0
2023-03-05 13:20:00,107.76532547580601,0.0
2023-03-05 13:30:00,110.61628301555857,0.0
2023-03-05 13:40:00,99.54233281024126,0.0
2023-03-05 13:50:00,97.18143328685917,0.0
2023-03-05 14:00:00,88.31812268279788,0.0
2023-03-05 14:10:00,109.98647505295703,0.0
2023-03-05 14:20:00,79.64920379358362,0.0
2023-03-05 14:30:00,111.34775606203527,0.0
2023-03-05 14:40:00,118.60729518932918,0.0
2023-03-05 14:50:00,112.90755248538314,0.0
2023-03-05 15:00:00,99.12851372562898,0.0
2023-03-05 15:10:00,100.6930365444945,0.0
2023-03-05 15:20:00,118.47385420551265,0.0
2023-03-05 15:30:00,112.62250935428978,0.0
2023-03-05 15:40:00,113.47746540402508,0.0
2023-03-05 15:50:00,105.15491400050266,0.0
2023-03-05 16:00:00,108.53778749716017,0.0
2023-03-05 16:10:00,110.9407411248789,0.0
2023-03-05 16:20:00,101.56767191643053,0.0
2023-03-05 16:30:00,120.05290994907416,0.0
2023-03-05 16:40:00,92.65933812320883,0.0
2023-03-05 16:50:00,118.65789827548622,0.0
2023-03-05 17:00:00,103.16884685092921,0.0
2023-03-05 17:10:00,97.31447353462346,0.0
2023-03-05 17:20:00,93.71419461381481,0.0
2023-03-05 17:30:00,99.34313333652159,0.0
2023-03-05 17:40:00,101.048052656098,0.0
2023-03-05 17:50:00,99.53287552396088,0.0
2023-03-05 18:00:00,96.76610679928682,0.0
2023-03-05 18:10:00,92.65636948645381,0.0
2023-03-05 18:20:00,98.58306383994923,0.0
2023-03-05 18:30:00,102.2300220885924,0.0
2023-03-05 18:40:00,110.47532986344956,0.0
2023-03-05 18:50:00,95.8116299481488,0.0
2023-03-05 19:00:00,99.516649201117,0.0
2023-03-05 19:10:00,83.32690992269085,0.0
2023-03-05 19:20:00,98.96372225545068,0.0
2023-03-05 19:30:00,127.50389649001347,0.0
2023-03-05 19:40:00,107.54156282796966,0.0
2023-03-05 19:50:00,101.20302690738431,0.0
2023-03-05 20:00:00,102.5674408077245,0.0
2023-03-05 20:10:00,100.40321421190876,0.0
2023-03-05 20:20:00,96.75223973932945,0.0
2023-03-05 20:30:00,103.55811607113085,0.0
2023-03-05 20:40:00,95.72967557819658,0.0
2023-03-05 20:50:00,101.55234191814742,0.0
2023-03-05 21:00:00,120.56741898848352,0.0
2023-03-05 21:10:00,124.10910451516425,0.0
2023-03-05 21:20:00,91.56483833559463,0.0
2023-03-05 21:30:00,99.39514372126358,0.0
2023-03-05 21:40:00,101.28094625437049,0.0
2023-03-05 21:50:00,90.41781554001066,0.0
2023-03-05 22:00:00,110.00226109646817,0.0
2023-03-05 22:10:00,95.7306315795209,0.0
2023-03-05 22:20:00,111.29660508025194,0.0
2023-03-05 22:30:00,92.62513591278383,0.0
2023-03-05 22:40:00,107.89080840395506,0.0
2023-03-05 22:50:00,104.99964204439415,0.0
2023-03-05 23:00:00,122.24379209492533,0.0
2023-03-05 23:10:00,110.06919233104209,0.0
2023-03-05 23:20:00,97.14390645690982,0.0
2023-03-05 23:30:00,102.33092867012566,0.0
2023-03-05 23:40:00,80.1015627663489,0.0
2023-03-05 23:50:00,118.79717360433365,0.0
2023-03-06 00:00:00,92.4272643759243,0.0
2023-03-06 00:10:00,107.6824476392517,0.0
2023-03-06 00:20:00,88.83526359343715,0.0
2023-03-06 00:30:00,110.20053306885988,0.0
2023-03-06 00:40:00,116.53465606392633,0.0
2023-03-06 00:50:00,109.48152581050745,0.0
2023-03-06 01:00:00,92.86676810557216,0.0
2023-03-06 01:10:00,97.30529207972859,0.0
2023-03-06 01:20:00,108.15384495465992,0.0
2023-03-06 01:30:00,100.7856232033823,0.0
2023-03-06 01:40:00,102.35467549382349,0.0
2023-03-06 01:50:00,106.7940986379966,0.0
2023-03-06 02:00:00,97.39596505195718,0.0
2023-03-06 02:10:00,103.72101726221248,0.0
2023-03-06 02:20:00,116.26030790578386,0.0
2023-03-06 02:30:00,96.06433476391457,0.0
2023-03-06 02:40:00,108.75092864271299,0.0
2023-03-06 02:50:00,108.83888209679053,0.0
2023-03-06 03:00:00,90.18406121079883,0.0
2023-03-06 03:10:00,105.53542658685781,0.0
2023-03-06 03:20:00,123.28474124066936,0.0
2023-03-06 03:30:00,99.21975541961656,0.0
2023-03-06 03:40:00,94.65293971432341,0.0
2023-03-06 03:50:00,102.8725435945004,0.0
2023-03-06 04:00:00,110.99551957130966,0.0
2023-03-06 04:10:00,112.60400821563609,0.0
2023-03-06 04:20:00,95.4936006706825,0.0
2023-03-06 04:30:00,94.00233400398298,0.0
2023-03-06 04:40:00,110.7922543622363,0.0
2023-03-06 04:50:00,113.83651002687533,0.0
2023-03-06 05:00:00,98.6216273579529,0.0
2023-03-06 05:10:00,89.92585274714193,0.0
2023-03-06 05:20:00,106.09029146662796,0.0
2023-03-06 05:30:00,99.03668956788913,0.0
2023-03-06 05:40:00,109.83795344923088,0.0
2023-03-06 05:50:00,105.10807349601593,0.0
2023-03-06 06:00:00,99.489854805524,0.0
2023-03-06 06:10:00,90.39635453457329,0.0
2023-03-06 06:20:00,103.09550548353953,0.0
2023-03-06 06:30:00,94.2773241346627,0.0
2023-03-06 06:40:00,99.02034539119249,0.0
2023-03-06 06:50:00,103.20191757010737,0.0
2023-03-06 07:00:00,104.27612006125734,0.0
2023-03-06 07:10:00,110.44218601254528,0.0
2023-03-06 07:20:00,93.48822393886059,0.0
2023-03-06 07:30:00,103.0988168280751,0.0
2023-03-06 07:40:00,119.55161352277676,0.0
2023-03-06 07:50:00,105.98789277791317,0.0
2023-03-06 08:00:00,91.66566038640615,0.0
2023-03-06 08:10:00,84.20625847363486,0.0
2023-03-06 08:20:00,97.44321959075229,0.0
2023-03-06 08:30:00,112.82600132377569,0.0
2023-03-06 08:40:00,105.21090707676105,0.0
2023-03-06 08:50:00,105.7768887203339,0.0
2023-03-06 09:00:00,105.41870303877909,0.0
2023-03-06 09:10:00,103.6486978745962,0.0
2023-03-06 09:20:00,111.46582193875878,0.0
2023-03-06 09:30:00,120.59851442279668,0.0
2023-03-06 09:40:00,104.57255489389512,0.0
2023-03-06 09:50:00,90.33459091637121,0.0
2023-03-06 10:00:00,112.96745078941977,0.0
2023-03-06 10:10:00,101.7072968649858,0.0
2023-03-06 10:20:00,113.10181566614781,0.0
2023-03-06 10:30:00,91.8642296221833,0.0
2023-03-06 10:40:00,103.18335742923902,0.0
2023-03-06 10:50:00,94.09470347148981,0.0
2023-03-06 11:00:00,110.83570775857899,0.0
2023-03-06 11:10:00,106.27586294067137,0.0
2023-03-06 11:20:00,116.50760629628697,0.0
2023-03-06 11:30:00,98.03285066023129,0.0
2023-03-06 11:40:00,83.42273229591216,0.0
2023-03-06 11:50:00,87.09758317434583,0.0
2023-03-06 12:00:00,111.54272282574554,0.0
2023-03-06 12:10:00,111.91284203923087,0.0
2023-03-06 12:20:00,107.78538788830556,0.0
2023-03-06 12:30:00,103.55093538584535,0.0
2023-03-06 12:40:00,83.58067849132306,0.0
2023-03-06 12:50:00,90.71967406674585,0.0
2023-03-06 13:00:00,110.00568478619597,0.0
2023-03-06 13:10:00,99.66549691522735,0.0
2023-03-06 13:20:00,104.26765491616965,0.0
2023-03-06 13:30:00,107.63713020628691,0.0
2023-03-06 13:40:00,90.09716902904913,0.0
2023-03-06 13:50:00,105.9020007451454,0.0
2023-03-06 14:00:00,127.57488772624322,0.0
2023-03-06 14:10:00,116.56433034838773,0.0
2023-03-06 14:20:00,88.51569144507488,0.0
2023-03-06 14:30:00,100.37217303528949,0.0
2023-03-06 14:40:00,87.8435351549302,0.0
2023-03-06 14:50:00,95.6006911465155,0.0
2023-03-06 15:00:00,104.58836765273969,0.0
2023-03-06 15:10:00,103.60723593086325,0.0
2023-03-06 15:20:00,101.19803479813095,0.0
2023-03-06 15:30:00,93.12653191851174,0.0
2023-03-06 15:40:00,201.9029212879883,1.0
2023-03-06 15:50:00,116.45017986646461,0.0
2023-03-06 16:00:00,87.37203208650105,0.0
2023-03-06 16:10:00,96.07120927240746,0.0
2023-03-06 16:20:00,111.33671533709177,0.0
2023-03-06 16:30:00,81.03399327644459,0.0
2023-03-06 16:40:00,99.0399256770203,0.0
2023-03-06 16:50:00,95.5469632326107,0.0
2023-03-06 17:00:00,111.09669244702854,0.0
2023-03-06 17:10:00,115.79718719450464,0.0
2023-03-06 17:20:00,110.25706019136447,0.0
2023-03-06 17:30:00,105.8072730609315,0.0
2023-03-06 17:40:00,91.21225910788502,0.0
2023-03-06 17:50:00,108.74730679970642,0.0
2023-03-06 18:00:00,86.21417024283363,0.0
2023-03-06 18:10:00,95.72548075108256,0.0
2023-03-06 18:20:00,117.83945485204126,0.0
2023-03-06 18:30:00,105.5255786446761,0.0
2023-03-06 18:40:00,92.81594928469465,0.0
2023-03-06 18:50:00,123.86318251861546,0.0
2023-03-06 19:00:00,91.55245552111084,0.0
2023-03-06 19:10:00,95.64591951563466,0.0
2023-03-06 19:20:00,123.86036655789941,0.0
2023-03-06 19:30:00,123.65493605691715,0.0
2023-03-06 19:40:00,91.94356730547287,0.0
2023-03-06 19:50:00,99.43154610143277,0.0
2023-03-06 20:00:00,87.20648286622017,0.0
2023-03-06 20:10:00,113.62576982972445,0.0
2023-03-06 20:20:00,96.10799946501841,0.0
2023-03-06 20:30:00,104.3187524276836,0.0
2023-03-06 20:40:00,84.05624048411548,0.0
2023-03-06 20:50:00,87.5187519012079,0.0
2023-03-06 21:00:00,105.76512394424469,0.0
2023-03-06 21:10:00,103.6039936024895,0.0
2023-03-06 21:20:00,111.8603218809197,0.0
2023-03-06 21:30:00,99.7434512235439,0.0
2023-03-06 21:40:00,115.86074872634877,0.0
2023-03-06 21:50:00,93.9755298473319,0.0
2023-03-06 22:00:00,111.4865534057396,0.0
2023-03-06 22:10:00,125.93220287573688,0.0
2023-03-06 22:20:00,118.38674488435944,0.0
2023-03-06 22:30:00,109.57965640658928,0.0
2023-03-06 22:40:00,101.14481159202207,0.0
2023-03-06 22:50:00,103.12351665259742,0.0
2023-03-06 23:00:00,92.96193332635677,0.0
2023-03-06 23:10:00,123.04524527198761,0.0
2023-03-06 23:20:00,104.84729046630358,0.0
2023-03-06 23:30:00,85.75368777201462,0.0
2023-03-06 23:40:00,109.1655495043395,0.0
2023-03-06 23:50:00,90.202619767928,0.0
2023-03-07 00:00:00,102.20432731361088,0.0
2023-03-07 00:10:00,87.670964012254,0.0
2023-03-07 00:20:00,112.62508044643138,0.0
2023-03-07 00:30:00,105.7033776486438,0.0
2023-03-07 00:40:00,107.29664910034316,0.0
2023-03-07 00:50:00,99.6306326416706,0.0
2023-03-07 01:00:00,116.60426846192244,0.0
2023-03-07 01:10:00,105.75963901216622,0.0
2023-03-07 01:20:00,96.03827158661291,0.0
2023-03-07 01:30:00,88.7904147534802,0.0
2023-03-07 01:40:00,100.13776163662209,0.0
2023-03-07 01:50:00,104.45149443587002,0.0
2023-03-07 02:00:00,109.72421997379378,0.0
2023-03-07 02:10:00,266.2945985329231,1.0
2023-03-07 02:20:00,105.52699721168888,0.0
2023-03-07 02:30:00,98.25616444316623,0.0
2023-03-07 02:40:00,107.85652941905416,0.0
2023-03-07 02:50:00,110.35259772649614,0.0
2023-03-07 03:00:00,99.46230049677119,0.0
2023-03-07 03:10:00,97.76467745872637,0.0
2023-03-07 03:20:00,73.49506565163657,0.0
2023-03-07 03:30:00,91.78724499331406,0.0
2023-03-07 03:40:00,106.72757500706669,0.0
2023-03-07 03:50:00,120.10767019726221,0.0
2023-03-07 04:00:00,104.22448261389053,0.0
2023-03-07 04:10:00,102.37840516408515,0.0
2023-03-07 04:20:00,91.53030836524191,0.0
2023-03-07 04:30:00,74.57161690483967,0.0
2023-03-07 04:40:00,87.43924020641728,0.0
2023-03-07 04:50:00,127.6415955509624,0.0
2023-03-07 05:00:00,83.28177108473513,0.0
2023-03-07 05:10:00,101.69643128068576,0.0
2023-03-07 05:20:00,99.64275908058796,0.0
2023-03-07 05:30:00,94.09529215848555,0.0
2023-03-07 05:40:00,97.01543895250695,0.0
2023-03-07 05:50:00,114.31007406198245,0.0
2023-03-07 06:00:00,114.93160971653276,0.0
2023-03-07 06:10:00,106.25839999628157,0.0
2023-03-07 06:20:00,102.03873049543387,0.0
2023-03-07 06:30:00,106.80754794669056,0.0
2023-03-07 06:40:00,96.97254442121641,0.0
2023-03-07 06:50:00,103.70363944046157,0.0
2023-03-07 07:00:00,100.98265395995504,0.0
2023-03-07 07:10:00,116.48932658721523,0.0
2023-03-07 07:20:00,103.2996189948545,0.0
2023-03-07 07:30:00,103.75635677114423,0.0
2023-03-07 07:40:00,100.97166812357656,0.0
2023-03-07 07:50:00,106.80452462901155,0.0
2023-03-07 08:00:00,95.84910802998562,0.0
2023-03-07 08:10:00,87.9941276165737,0.0
2023-03-07 08:20:00,110.43557048463495,0.0
2023-03-07 08:30:00,87.16091130977166,0.0
2023-03-07 08:40:00,108.77187265575236,0.0
2023-03-07 08:50:00,87.26525351499032,0.0
2023-03-07 09:00:00,115.74098324241407,0.0
2023-03-07 09:10:00,81.19651516941562,0.0
2023-03-07 09:20:00,111.49481068109577,0.0
2023-03-07 09:30:00,107.38478542099766,0.0
2023-03-07 09:40:00,101.1990552801929,0.0
2023-03-07 09:50:00,90.74855019911223,0.0
2023-03-07 10:00:00,118.16462935126069,0.0
2023-03-07 10:10:00,114.32653838104102,0.0
2023-03-07 10:20:00,97.56398163553467,0.0
2023-03-07 10:30:00,105.33288460394672,0.0
2023-03-07 10:40:00,86.97195467173552,0.0
2023-03-07 10:50:00,93.7511347251324,0.0
2023-03-07 11:00:00,97.54135101642404,0.0
2023-03-07 11:10:00,94.57337859246459,0.0
2023-03-07 11:20:00,118.55902320857248,0.0
2023-03-07 11:30:00,116.97104592208062,0.0
2023-03-07 11:40:00,97.2877472918076,0.0
2023-03-07 11:50:00,115.1797735547235,0.0
2023-03-07 12:00:00,81.80142718006424,0.0
2023-03-07 12:10:00,114.74128717879597,0.0
2023-03-07 12:20:00,99.56790217145378,0.0
2023-03-07 12:30:00,98.95742532239117,0.0
2023-03-07 12:40:00,109.00389975057273,0.0
2023-03-07 12:50:00,120.25567236515559,0.0
2023-03-07 13:00:00,101.74896215229577,0.0
2023-03-07 13:10:00,100.56213769144867,0.0
2023-03-07 13:20:00,95.82936024177586,0.0
2023-03-07 13:30:00,89.24428340944857,0.0
2023-03-07 13:40:00,123.05328398293267,0.0
2023-03-07 13:50:00,104.43186184345193,0.0
2023-03-07 14:00:00,107.15346688884796,0.0
2023-03-07 14:10:00,96.13877106736275,0.0
2023-03-07 14:20:00,87.91223687880243,0.0
2023-03-07 14:30:00,96.29657625351507,0.0
2023-03-07 14:40:00,106.94207154658389,0.0
2023-03-07 14:50:00,74.11914245502061,0.0
2023-03-07 15:00:00,107.41808252425187,0.0
2023-03-07 15:10:00,102.24087142687412,0.0
2023-03-07 15:20:00,103.60081805274123,0.0
2023-03-07 15:30:00,80.70089092398442,0.0
2023-03-07 15:40:00,109.38950040588773,0.0
2023-03-07 15:50:00,116.4520264272878,0.0
2023-03-07 16:00:00,127.48112920717318,0.0
2023-03-07 16:10:00,89.89709133753499,0.0
2023-03-07 16:20:00,92.72845789768746,0.0
2023-03-07 16:30:00,105.88148908584466,0.0
2023-03-07 16:40:00,116.88766814914258,0.0
2023-03-07 16:50:00,112.80983446049434,0.0
2023-03-07 17:00:00,83.2573478400322,0.0
2023-03-07 17:10:00,91.61703438775108,0.0
2023-03-07 17:20:00,104.67229491581257,0.0
2023-03-07 17:30:00,86.74597357074579,0.0
2023-03-07 17:40:00,108.26971668891764,0.0
2023-03-07 17:50:00,101.11750739893208,0.0
2023-03-07 18:00:00,91.54351109675491,0.0
2023-03-07 18:10:00,111.82957558330874,0.0
2023-03-07 18:20:00,99.97030538609378,0.0
2023-03-07 18:30:00,102.63440882935429,0.0
2023-03-07 18:40:00,122.50257516151063,0.0
2023-03-07 18:50:00,99.69828321004954,0.0
2023-03-07 19:00:00,108.55359916343139,0.0
2023-03-07 19:10:00,106.62014101445608,0.0
2023-03-07 19:20:00,100.1492729200111,0.0
2023-03-07 19:30:00,102.79017220762483,0.0
2023-03-07 19:40:00,99.49293903123959,0.0
2023-03-07 19:50:00,96.10954423822285,0.0
2023-03-07 20:00:00,107.54136659662775,0.0
2023-03-07 20:10:00,104.95159414693804,0.0
2023-03-07 20:20:00,91.10402177679745,0.0
2023-03-07 20:30:00,110.26188299942734,0.0
2023-03-07 20:40:00,98.18593168646218,0.0
2023-03-07 20:50:00,113.4203444345594,0.0
2023-03-07 21:00:00,91.25255658548383,0.0
2023-03-07 21:10:00,98.92632467614871,0.0
2023-03-07 21:20:00,98.53731479849154,0.0
2023-03-07 21:30:00,90.30620809835058,0.0
2023-03-07 21:40:00,92.25021937331715,0.0
2023-03-07 21:50:00,102.48942026831291,0.0
2023-03-07 22:00:00,105.19048960915255,0.0
2023-03-07 22:10:00,80.20962795082816,0.0
2023-03-07 22:20:00,103.4251370414449,0.0
2023-03-07 22:30:00,97.90901526740295,0.0
2023-03-07 22:40:00,102.83969206322723,0.0
2023-03-07 22:50:00,103.36076937247586,0.0
2023-03-07 23:00:00,97.64300337945771,0.0
2023-03-07 23:10:00,105.0117067029379,0.0
2023-03-07 23:20:00,85.77023982079493,0.0
2023-03-07 23:30:00,116.61073357371326,0.0
2023-03-07 23:40:00,104.48383283611211,0.0
2023-03-07 23:50:00,105.43761628215438,0.0
2023-03-08 00:00:00,94.85793723559784,0.0
2023-03-08 00:10:00,87.96517024536348,0.0
2023-03-08 00:20:00,97.3295408514779,0.0
2023-03-08 00:30:00,115.29874503742671,0.0
2023-03-08 00:40:00,110.52619829309246,0.0
2023-03-08 00:50:00,103.82100063929579,0.0
2023-03-08 01:00:00,104.67196161988542,0.0
2023-03-08 01:10:00,108.1786181893968,0.0
2023-03-08 01:20:00,101.96417050808475,0.0
2023-03-08 01:30:00,99.48594294831459,0.0
2023-03-08 01:40:00,93.80820281222442,0.0
2023-03-08 01:50:00,95.17945734253612,0.0
2023-03-08 02:00:00,107.6730789286554,0.0
2023-03-08 02:10:00,88.74919090070976,0.0
2023-03-08 02:20:00,100.05660624394419,0.0
2023-03-08 02:30:00,120.43809839068342,0.0
2023-03-08 02:40:00,105.97332381394673,0.0
2023-03-08 02:50:00,92.11124175793583,0.0
2023-03-08 03:00:00,99.77454085063034,0.0
2023-03-08 03:10:00,104.25126695237898,0.0
2023-03-08 03:20:00,102.4383409296813,0.0
2023-03-08 03:30:00,97.59153881436399,0.0
2023-03-08 03:40:00,97.7746825470425,0.0
2023-03-08 03:50:00,99.830677007345,0.0
2023-03-08 04:00:00,102.67896852589855,0.0
2023-03-08 04:10:00,96.45683591574158,0.0
2023-03-08 04:20:00,120.2014751230877,0.0
2023-03-08 04:30:00,88.87788701680788,0.0
2023-03-08 04:40:00,92.38410956117659,0.0
2023-03-08 04:50:00,97.74497372538468,0.0
2023-03-08 05:00:00,100.3239948288967,0.0
2023-03-08 05:10:00,101.57059220858967,0.0
2023-03-08 05:20:00,110.6086699406514,0.0
2023-03-08 05:30:00,93.92117107988688,0.0
2023-03-08 05:40:00,124.71144802515207,0.0
2023-03-08 05:50:00,110.70915214266265,0.0
2023-03-08 06:00:00,103.86660000002307,0.0
2023-03-08 06:10:00,112.03471490207005,0.0
2023-03-08 06:20:00,112.98250614516479,0.0
2023-03-08 06:30:00,104.84271450753975,0.0
2023-03-08 06:40:00,92.20936359972819,0.0
2023-03-08 06:50:00,94.83451995057656,0.0
2023-03-08 07:00:00,110.64550737435005,0.0
2023-03-08 07:10:00,103.05861836558515,0.0
2023-03-08 07:20:00,106.55856468163155,0.0
2023-03-08 07:30:00,106.74265436553968,0.0
2023-03-08 07:40:00,98.27995701202586,0.0
2023-03-08 07:50:00,93.09714312081803,0.0
2023-03-08 08:00:00,106.96886955982279,0.0
2023-03-08 08:10:00,81.63866361376276,0.0
2023-03-08 08:20:00,93.49755646925367,0.0
2023-03-08 08:30:00,95.9537751442616,0.0
2023-03-08 08:40:00,95.69874688286781,0.0
2023-03-08 08:50:00,119.20062069136293,0.0
2023-03-08 09:00:00,97.41307683462438,0.0
2023-03-08 09:10:00,81.30819786965198,0.0
2023-03-08 09:20:00,105.01953755870565,0.0
2023-03-08 09:30:00,97.69247805929905,0.0
2023-03-08 09:40:00,99.79150886467669,0.0
2023-03-08 09:50:00,108.3703256296106,0.0
2023-03-08 10:00:00,111.10034434462825,0.0
2023-03-08 10:10:00,111.93709728593765,0.0
2023-03-08 10:20:00,95.35611187723391,0.0
2023-03-08 10:30:00,85.60283225389152,0.0
2023-03-08 10:40:00,121.81510971489789,0.0
2023-03-08 10:50:00,103.72651864817273,0.0
2023-03-08 11:00:00,90.96394774917415,0.0
2023-03-08 11:10:00,108.64879988796451,0.0
2023-03-08 11:20:00,89.44755961639738,0.0
2023-03-08 11:30:00,108.70458761076095,0.0
2023-03-08 11:40:00,108.02953344506811,0.0
2023-03-08 11:50:00,116.60523646779676,0.0
2023-03-08 12:00:00,112.40814432481788,0.0
2023-03-08 12:10:00,114.95068168100994,0.0
2023-03-08 12:20:00,89.42761008633373,0.0
2023-03-08 12:30:00,92.68655457971006,0.0
2023-03-08 12:40:00,103.75704527712256,0.0
2023-03-08 12:50:00,114.91314148464488,0.0
2023-03-08 13:00:00,89.49106378913466,0.0
2023-03-08 13:10:00,85.40909461596057,0.0
2023-03-08 13:20:00,96.16874322192459,0.0
2023-03-08 13:30:00,92.38793706127579,0.0
2023-03-08 13:40:00,118.2075756821758,0.0
2023-03-08 13:50:00,95.54922600251163,0.0
2023-03-08 14:00:00,121.01643003876872,0.0
2023-03-08 14:10:00,91.40699426885072,0.0
2023-03-08 14:20:00,89.18719573130298,0.0
2023-03-08 14:30:00,118.54921773674828,0.0
2023-03-08 14:40:00,124.81595318198343,0.0
2023-03-08 14:50:00,90.11022313048443,0.0
2023-03-08 15:00:00,104.77938805729511,0.0
2023-03-08 15:10:00,104.45044211908996,0.0
2023-03-08 15:20:00,87.58957970144613,0.0
2023-03-08 15:30:00,114.29836361202045,0.0
2023-03-08 15:40:00,78.14457875618132,0.0
2023-03-08 15:50:00,91.39044864326576,0.0
2023-03-08 16:00:00,109.91764826966754,0.0
2023-03-08 16:10:00,94.20988371689485,0.0
2023-03-08 16:20:00,102.63671803885539,0.0
2023-03-08 16:30:00,93.17278364697843,0.0
2023-03-08 16:40:00,97.13764534328776,0.0
2023-03-08 16:50:00,115.90768265361406,0.0
2023-03-08 17:00:00,109.37641975561324,0.0
2023-03-08 17:10:00,102.60068431571673,0.0
2023-03-08 17:20:00,104.5294722467493,0.0
2023-03-08 17:30:00,98.79906502670187,0.0
2023-03-08 17:40:00,112.75705347096354,0.0
2023-03-08 17:50:00,109.82825416003442,0.0
2023-03-08 18:00:00,98.04476665969115,0.0
2023-03-08 18:10:00,109.34574936073115,0.0
2023-03-08 18:20:00,90.50836769322888,0.0
2023-03-08 18:30:00,118.89817153665538,0.0
2023-03-08 18:40:00,95.0378154621106,0.0
2023-03-08 18:50:00,77.27290194029588,0.0
2023-03-08 19:00:00,91.82554891307977,0.0
2023-03-08 19:10:00,108.61398684194559,0.0
2023-03-08 19:20:00,115.93693256315402,0.0
2023-03-08 19:30:00,107.63210841553327,0.0
2023-03-08 19:40:00,104.95206533879218,0.0
2023-03-08 19:50:00,100.71271798561175,0.0
2023-03-08 20:00:00,101.69715181670152,0.0
2023-03-08 20:10:00,96.82042809044158,0.0
2023-03-08 20:20:00,88.16831968906358,0.0
2023-03-08 20:30:00,124.29402596721546,0.0
2023-03-08 20:40:00,87.48408178116269,0.0
2023-03-08 20:50:00,77.93392486793107,0.0
2023-03-08 21:00:00,98.1687407948252,0.0
2023-03-08 21:10:00,111.39917085228123,0.0
2023-03-08 21:20:00,111.20550133466973,0.0
2023-03-08 21:30:00,96.82082102788968,0.0
2023-03-08 21:40:00,97.95604375632894,0.0
2023-03-08 21:50:00,88.79024857487005,0.0
2023-03-08 22:00:00,78.74500723142702,0.0
2023-03-08 22:10:00,105.79792214966116,0.0
2023-03-08 22:20:00,103.44982066359009,0.0
2023-03-08 22:30:00,106.60733632049248,0.0
2023-03-08 22:40:00,97.36039493558465,0.0
2023-03-08 22:50:00,104.0635561297718,0.0
2023-03-08 23:00:00,110.47768309036357,0.0
2023-03-08 23:10:00,94.23326493664698,0.0
2023-03-08 23:20:00,97.34697562575131,0.0
2023-03-08 23:30:00,114.42157025283079,0.0
2023-03-08 23:40:00,80.10502388965712,0.0
2023-03-08 23:50:00,245.79686066662686,1.0
2023-03-09 00:00:00,96.90643716195675,0.0
2023-03-09 00:10:00,122.47207763993164,0.0
2023-03-09 00:20:00,98.06917194759255,0.0
2023-03-09 00:30:00,94.81652511766713,0.0
2023-03-09 00:40:00,98.14498406254828,0.0
2023-03-09 00:50:00,113.93718353834824,0.0
2023-03-09 01:00:00,120.93990768842417,0.0
2023-03-09 01:10:00,107.20574167428019,0.0
2023-03-09 01:20:00,70.70858711212702,0.0
2023-03-09 01:30:00,86.49162068253328,0.0
2023-03-09 01:40:00,115.78926880806834,0.0
2023-03-09 01:50:00,69.80074676633079,0.0
2023-03-09 02:00:00,97.44724970512735,0.0
2023-03-09 02:10:00,99.33848711620504,0.0
2023-03-09 02:20:00,102.2010483159582,0.0
2023-03-09 02:30:00,100.71449366225107,0.0
2023-03-09 02:40:00,107.04507140278925,0.0
2023-03-09 02:50:00,106.03076899954544,0.0
2023-03-09 03:00:00,103.77424975598451,0.0
2023-03-09 03:10:00,105.5161739041016,0.0
2023-03-09 03:20:00,95.04248482369634,0.0
2023-03-09 03:30:00,101.93893252918109,0.0
2023-03-09 03:40:00,102.70542560377137,0.0
2023-03-09 03:50:00,110.84334412666958,0.0
2023-03-09 04:00:00,98.20975706069777,0.0
2023-03-09 04:10:00,104.29670742296999,0.0
2023-03-09 04:20:00,113.08360566335784,0.0
2023-03-09 04:30:00,93.71432501506021,0.0
2023-03-09 04:40:00,93.87921628432156,0.0
2023-03-09 04:50:00,120.05134108264107,0.0
2023-03-09 05:00:00,103.99718824186834,0.0
2023-03-09 05:10:00,106.75700022933292,0.0
2023-03-09 05:20:00,90.77913531682685,0.0
2023-03-09 05:30:00,109.67894833809146,0.0
2023-03-09 05:40:00,103.23896101472842,0.0
2023-03-09 05:50:00,116.02401485741592,0.0
2023-03-09 06:00:00,106.2257967918874,0.0
2023-03-09 06:10:00,73.73379936840101,0.0
2023-03-09 06:20:00,101.75993054609319,0.0
2023-03-09 06:30:00,102.50670738975774,0.0
2023-03-09 06:40:00,96.89042336104563,0.0
2023-03-09 06:50:00,85.1431656648396,0.0
2023-03-09 07:00:00,135.1781531029045,0.0
2023-03-09 07:10:00,109.64440998577933,0.0
2023-03-09 07:20:00,95.24808723512804,0.0
2023-03-09 07:30:00,112.8906342172434,0.0
2023-03-09 07:40:00,136.24318430567257,0.0
2023-03-09 07:50:00,111.09410258459891,0.0
2023-03-09 08:00:00,112.10874565868302,0.0
2023-03-09 08:10:00,122.78687300926508,0.0
2023-03-09 08:20:00,101.19619359238585,0.0
2023-03-09 08:30:00,102.9877502930757,0.0
2023-03-09 08:40:00,102.24128374636427,0.0
2023-03-09 08:50:00,102.77699078011541,0.0
2023-03-09 09:00:00,102.72891469266892,0.0
2023-03-09 09:10:00,118.73907696421543,0.0
2023-03-09 09:20:00,98.16442603381316,0.0
2023-03-09 09:30:00,102.30129522152266,0.0
2023-03-09 09:40:00,118.06511113371202,0.0
2023-03-09 09:50:00,99.38189547786521,0.0
2023-03-09 10:00:00,107.16504504912801,0.0
2023-03-09 10:10:00,91.4347776322303,0.0
2023-03-09 10:20:00,101.79433353296263,0.0
2023-03-09 10:30:00,80.97946518497929,0.0
2023-03-09 10:40:00,135.4882288959329,0.0
2023-03-09 10:50:00,91.17334286255597,0.0
2023-03-09 11:00:00,81.07213142157102,0.0
2023-03-09 11:10:00,100.08007980044539,0.0
2023-03-09 11:20:00,104.87405021343258,0.0
2023-03-09 11:30:00,91.39697420026998,0.0
2023-03-09 11:40:00,94.44530775119357,0.0
2023-03-09 11:50:00,105.15755476459302,0.0
2023-03-09 12:00:00,94.47228710186143,0.0
2023-03-09 12:10:00,110.52093055486098,1.0
2023-03-09 12:20:00,115.39355309213735,0.0
2023-03-09 12:30:00,90.22985706435402,0.0
2023-03-09 12:40:00,91.52088181142892,0.0
2023-03-09 12:50:00,90.68935480508027,0.0
2023-03-09 13:00:00,123.7961359824073,0.0
2023-03-09 13:10:00,92.2789601742805,0.0
2023-03-09 13:20:00,90.34177113719521,0.0
2023-03-09 13:30:00,93.89546221243509,0.0
2023-03-09 13:40:00,97.12444164393473,0.0
2023-03-09 13:50:00,125.41234575977411,0.0
2023-03-09 14:00:00,78.94599504192816,0.0
2023-03-09 14:10:00,111.04486108042147,0.0
2023-03-09 14:20:00,95.0260284878109,0.0
2023-03-09 14:30:00,91.65239324057285,0.0
2023-03-09 14:40:00,98.17772288457164,0.0
2023-03-09 14:50:00,83.90695883062915,0.0
2023-03-09 15:00:00,88.20485655093167,0.0
2023-03-09 15:10:00,86.80178070625126,0.0
2023-03-09 15:20:00,102.60388063852582,0.0
2023-03-09 15:30:00,93.93226018946527,0.0
2023-03-09 15:40:00,104.39048408381205,0.0
2023-03-09 15:50:00,106.93501117089197,0.0
2023-03-09 16:00:00,117.03158907000501,0.0
2023-03-09 16:10:00,98.77700850268187,0.0
2023-03-09 16:20:00,101.89976429124573,0.0
2023-03-09 16:30:00,114.60891837700304,0.0
2023-03-09 16:40:00,90.07329767300683,0.0
2023-03-09 16:50:00,115.71679440906,0.0
2023-03-09 17:00:00,104.50938548348286,0.0
2023-03-09 17:10:00,89.91125807831968,0.0
2023-03-09 17:20:00,102.73728532502567,0.0
2023-03-09 17:30:00,101.41204703456602,0.0
2023-03-09 17:40:00,104.17031649821091,0.0
2023-03-09 17:50:00,102.18344066781074,0.0
2023-03-09 18:00:00,97.6811496276909,0.0
2023-03-09 18:10:00,117.08561597302109,0.0
2023-03-09 18:20:00,94.72935126140929,0.0
2023-03-09 18:30:00,96.17698218771731,0.0
2023-03-09 18:40:00,95.81621906718348,0.0
2023-03-09 18:50:00,110.35738466516642,0.0
2023-03-09 19:00:00,99.56194793067068,0.0
2023-03-09 19:10:00,96.34251663164245,0.0
2023-03-09 19:20:00,107.98304663548092,0.0
2023-03-09 19:30:00,109.86654073593813,0.0
2023-03-09 19:40:00,119.13538651598708,0.0
2023-03-09 19:50:00,109.31211206828752,0.0
2023-03-09 20:00:00,104.62790905333547,0.0
2023-03-09 20:10:00,105.72043282214035,0.0
2023-03-09 20:20:00,93.67637256273058,0.0
2023-03-09 20:30:00,102.12212222505005,0.0
2023-03-09 20:40:00,104.19546573949657,0.0
2023-03-09 20:50:00,100.69551879933562,0.0
2023-03-09 21:00:00,127.3622644169719,0.0
2023-03-09 21:10:00,99.36852391925018,0.0
2023-03-09 21:20:00,99.27274013861347,0.0
2023-03-09 21:30:00,97.90886912539992,0.0
2023-03-09 21:40:00,112.37567216440976,0.0
2023-03-09 21:50:00,92.29933233764221,0.0
2023-03-09 22:00:00,114.25658232919932,0.0
2023-03-09 22:10:00,121.30869552710384,0.0
2023-03-09 22:20:00,86.91250828379756,0.0
2023-03-09 22:30:00,103.93255720810542,0.0
2023-03-09 22:40:00,87.39629411016553,0.0
2023-03-09 22:50:00,105.51678281188293,0.0
2023-03-09 23:00:00,105.15194672991622,0.0
2023-03-09 23:10:00,103.41343657197073,0.0
2023-03-09 23:20:00,100.51874714235062,0.0
2023-03-09 23:30:00,100.34592042540501,0.0
2023-03-09 23:40:00,85.72666954097322,0.0
2023-03-09 23:50:00,114.3746373028074,0.0
